{"section1":{"files":[{"url":"assets/IN GAME MENU/About.png?h=f55eb0531a3474283dcf22dd8365c37b","type":"image","key":"About"},{"url":"assets/animations.json?h=95d3e08bed61827e0f733e0c0193163d","type":"animation","key":"animations"},{"url":"assets/gunOnly/back-gunonly/back-gunonly-1.png?h=8ff95e8d3f109d6c218754fa5aebf1fe","type":"image","key":"back-gunonly-1"},{"url":"assets/gunOnly/back-gunonly/back-gunonly-2.png?h=2e84d4e1bea1ff963f04292ec5d50673","type":"image","key":"back-gunonly-2"},{"url":"assets/gunOnly/back-gunonly/back-gunonly-3.png?h=f00f7ca9958750482b675e55dfbeb98d","type":"image","key":"back-gunonly-3"},{"url":"assets/gunOnly/back-gunonly/back-gunonly-4.png?h=dd5e40dc5dc149fc964db6e0382ac815","type":"image","key":"back-gunonly-4"},{"url":"assets/Borders.png?h=8f83b2aea693335a5088cb770cb44629","frameConfig":{"frameWidth":64,"frameHeight":64,"startFrame":0,"endFrame":-1,"spacing":0,"margin":0},"type":"spritesheet","key":"Borders"},{"url":"assets/END GAME/YouSurvived/ByTeam.png?h=7921bb7ae6ac1f1d4e0e375a539bda35","type":"image","key":"ByTeam"},{"url":"assets/cave-test-map-2.json?h=676ffacb0fe5c87a61c0455664ce2f89","type":"tilemapTiledJSON","key":"cave-test-map-2"},{"url":"assets/cave-test-tileset-1.png?h=61c8a9e28b5352e8b14341bc97301b58","frameConfig":{"frameWidth":64,"frameHeight":64,"startFrame":0,"endFrame":-1,"spacing":0,"margin":0},"type":"spritesheet","key":"cave-test-tileset-1"},{"url":"assets/Transitions/Dithered Triangles.png?h=922f730c87093d69c6c10d74c7312881","type":"image","key":"Dithered Triangles"},{"url":"assets/EndTunnel.png?h=770d9de08bf800b59390a38088578988","type":"image","key":"EndTunnel"},{"url":"assets/EndTunnel - Wide.png?h=70cb5c8c52f3e780f44624663cc6baa1","type":"image","key":"EndTunnel - Wide"},{"url":"assets/floor.png?h=f902e6222319d21266e0f5a1bd7cc214","frameConfig":{"frameWidth":32,"frameHeight":32,"startFrame":0,"endFrame":-1,"spacing":0,"margin":0},"type":"spritesheet","key":"floor"},{"url":"assets/gunOnly/front-gunonly/front-gunonly-1.png?h=d4dee0e9f95c62e0c77722864f621ddd","type":"image","key":"front-gunonly-1"},{"url":"assets/gunOnly/front-gunonly/front-gunonly-2.png?h=fbb5c9972801f57710d88712feb25bf9","type":"image","key":"front-gunonly-2"},{"url":"assets/gunOnly/front-gunonly/front-gunonly-3.png?h=d4dee0e9f95c62e0c77722864f621ddd","type":"image","key":"front-gunonly-3"},{"url":"assets/gunOnly/front-gunonly/front-gunonly-4.png?h=fbb5c9972801f57710d88712feb25bf9","type":"image","key":"front-gunonly-4"},{"url":"assets/FufuSuperDino.png?h=0f4a4ac8e56247dd79511aee247cb0c5","type":"image","key":"FufuSuperDino"},{"url":"assets/END GAME/GAME OVER/GameOver-Anim-1.png?h=43449f911da927b8c8a3a6eaf48d2b8a","type":"image","key":"GameOver-Anim-1"},{"url":"assets/END GAME/GAME OVER/GameOver-Anim-10.png?h=bb4c89112723f51ae0446964f3ecbdbe","type":"image","key":"GameOver-Anim-10"},{"url":"assets/END GAME/GAME OVER/GameOver-Anim-11.png?h=e28d652556bc3f31625d591c45a0a986","type":"image","key":"GameOver-Anim-11"},{"url":"assets/END GAME/GAME OVER/GameOver-Anim-12.png?h=9d55b38ccf1a7d8f52b26f89ee51668b","type":"image","key":"GameOver-Anim-12"},{"url":"assets/END GAME/GAME OVER/GameOver-Anim-13.png?h=83a8063dd6870701939e98b82973bee7","type":"image","key":"GameOver-Anim-13"},{"url":"assets/END GAME/GAME OVER/GameOver-Anim-2.png?h=701efa5ec6b2a895104dffbcb0f06f63","type":"image","key":"GameOver-Anim-2"},{"url":"assets/END GAME/GAME OVER/GameOver-Anim-3.png?h=b2e69c081f88380d39c24983dfc9abfa","type":"image","key":"GameOver-Anim-3"},{"url":"assets/END GAME/GAME OVER/GameOver-Anim-4.png?h=b9e4b146f9a7723302fff73290caea61","type":"image","key":"GameOver-Anim-4"},{"url":"assets/END GAME/GAME OVER/GameOver-Anim-5.png?h=49a74f01bca48f8c739fb73669beb512","type":"image","key":"GameOver-Anim-5"},{"url":"assets/END GAME/GAME OVER/GameOver-Anim-6.png?h=fca0f1898413e6c30c887fbbb81caa74","type":"image","key":"GameOver-Anim-6"},{"url":"assets/END GAME/GAME OVER/GameOver-Anim-7.png?h=d5d8ed55b5b1d28e894abaa5ac44eb54","type":"image","key":"GameOver-Anim-7"},{"url":"assets/END GAME/GAME OVER/GameOver-Anim-8.png?h=caa56544b4a04c62d79df01c4e07d2d2","type":"image","key":"GameOver-Anim-8"},{"url":"assets/END GAME/GAME OVER/GameOver-Anim-9.png?h=a86213e76b7e1f54518f47e21ad6f83b","type":"image","key":"GameOver-Anim-9"},{"url":"assets/idle title anim/idle-title-Anim-01.png?h=c2f86b038c7fcc03dffc57294b8bfe01","type":"image","key":"idle-title-Anim-01"},{"url":"assets/idle title anim/idle-title-Anim-02.png?h=c2f86b038c7fcc03dffc57294b8bfe01","type":"image","key":"idle-title-Anim-02"},{"url":"assets/idle title anim/idle-title-Anim-03.png?h=c2f86b038c7fcc03dffc57294b8bfe01","type":"image","key":"idle-title-Anim-03"},{"url":"assets/idle title anim/idle-title-Anim-04.png?h=c2f86b038c7fcc03dffc57294b8bfe01","type":"image","key":"idle-title-Anim-04"},{"url":"assets/idle title anim/idle-title-Anim-05.png?h=c2f86b038c7fcc03dffc57294b8bfe01","type":"image","key":"idle-title-Anim-05"},{"url":"assets/idle title anim/idle-title-Anim-06.png?h=c2f86b038c7fcc03dffc57294b8bfe01","type":"image","key":"idle-title-Anim-06"},{"url":"assets/idle title anim/idle-title-Anim-07.png?h=c2f86b038c7fcc03dffc57294b8bfe01","type":"image","key":"idle-title-Anim-07"},{"url":"assets/idle title anim/idle-title-Anim-08.png?h=c2f86b038c7fcc03dffc57294b8bfe01","type":"image","key":"idle-title-Anim-08"},{"url":"assets/idle title anim/idle-title-Anim-09.png?h=c2f86b038c7fcc03dffc57294b8bfe01","type":"image","key":"idle-title-Anim-09"},{"url":"assets/idle title anim/idle-title-Anim-10.png?h=c2f86b038c7fcc03dffc57294b8bfe01","type":"image","key":"idle-title-Anim-10"},{"url":"assets/idle title anim/idle-title-Anim-11.png?h=fc80f20d4788ce1099a28916ba12800b","type":"image","key":"idle-title-Anim-11"},{"url":"assets/idle title anim/idle-title-Anim-12.png?h=fc80f20d4788ce1099a28916ba12800b","type":"image","key":"idle-title-Anim-12"},{"url":"assets/idle title anim/idle-title-Anim-13.png?h=fc80f20d4788ce1099a28916ba12800b","type":"image","key":"idle-title-Anim-13"},{"url":"assets/idle title anim/idle-title-Anim-14.png?h=fc80f20d4788ce1099a28916ba12800b","type":"image","key":"idle-title-Anim-14"},{"url":"assets/idle title anim/idle-title-Anim-15.png?h=fc80f20d4788ce1099a28916ba12800b","type":"image","key":"idle-title-Anim-15"},{"url":"assets/idle title anim/idle-title-Anim-16.png?h=fc80f20d4788ce1099a28916ba12800b","type":"image","key":"idle-title-Anim-16"},{"url":"assets/idle title anim/idle-title-Anim-17.png?h=fc80f20d4788ce1099a28916ba12800b","type":"image","key":"idle-title-Anim-17"},{"url":"assets/idle title anim/idle-title-Anim-18.png?h=fc80f20d4788ce1099a28916ba12800b","type":"image","key":"idle-title-Anim-18"},{"url":"assets/idle title anim/idle-title-Anim-19.png?h=fc80f20d4788ce1099a28916ba12800b","type":"image","key":"idle-title-Anim-19"},{"url":"assets/idle title anim/idle-title-Anim-20.png?h=fc80f20d4788ce1099a28916ba12800b","type":"image","key":"idle-title-Anim-20"},{"url":"assets/idle title anim/idle-title-Anim-21.png?h=fc80f20d4788ce1099a28916ba12800b","type":"image","key":"idle-title-Anim-21"},{"url":"assets/idle title anim/idle-title-Anim-22.png?h=fc80f20d4788ce1099a28916ba12800b","type":"image","key":"idle-title-Anim-22"},{"url":"assets/idle title anim/idle-title-Anim-23.png?h=fc80f20d4788ce1099a28916ba12800b","type":"image","key":"idle-title-Anim-23"},{"url":"assets/idle title anim/idle-title-Anim-24.png?h=fc80f20d4788ce1099a28916ba12800b","type":"image","key":"idle-title-Anim-24"},{"url":"assets/idle title anim/idle-title-Anim-25.png?h=fc80f20d4788ce1099a28916ba12800b","type":"image","key":"idle-title-Anim-25"},{"url":"assets/idle title anim/idle-title-Anim-26.png?h=fc80f20d4788ce1099a28916ba12800b","type":"image","key":"idle-title-Anim-26"},{"url":"assets/idle title anim/idle-title-Anim-27.png?h=fc80f20d4788ce1099a28916ba12800b","type":"image","key":"idle-title-Anim-27"},{"url":"assets/idle title anim/idle-title-Anim-28.png?h=fc80f20d4788ce1099a28916ba12800b","type":"image","key":"idle-title-Anim-28"},{"url":"assets/idle title anim/idle-title-Anim-29.png?h=fc80f20d4788ce1099a28916ba12800b","type":"image","key":"idle-title-Anim-29"},{"url":"assets/idle title anim/idle-title-Anim-30.png?h=fc80f20d4788ce1099a28916ba12800b","type":"image","key":"idle-title-Anim-30"},{"url":"assets/idle title anim/idle-title-Anim-31.png?h=fc80f20d4788ce1099a28916ba12800b","type":"image","key":"idle-title-Anim-31"},{"url":"assets/idle title anim/idle-title-Anim-32.png?h=fc80f20d4788ce1099a28916ba12800b","type":"image","key":"idle-title-Anim-32"},{"url":"assets/idle title anim/idle-title-Anim-33.png?h=fc80f20d4788ce1099a28916ba12800b","type":"image","key":"idle-title-Anim-33"},{"url":"assets/idle title anim/idle-title-Anim-34.png?h=fc80f20d4788ce1099a28916ba12800b","type":"image","key":"idle-title-Anim-34"},{"url":"assets/idle title anim/idle-title-Anim-35.png?h=fc80f20d4788ce1099a28916ba12800b","type":"image","key":"idle-title-Anim-35"},{"url":"assets/idle title anim/idle-title-Anim-36.png?h=fc80f20d4788ce1099a28916ba12800b","type":"image","key":"idle-title-Anim-36"},{"url":"assets/idle title anim/idle-title-Anim-37.png?h=fc80f20d4788ce1099a28916ba12800b","type":"image","key":"idle-title-Anim-37"},{"url":"assets/idle title anim/idle-title-Anim-38.png?h=fc80f20d4788ce1099a28916ba12800b","type":"image","key":"idle-title-Anim-38"},{"url":"assets/idle title anim/idle-title-Anim-39.png?h=fc80f20d4788ce1099a28916ba12800b","type":"image","key":"idle-title-Anim-39"},{"url":"assets/idle title anim/idle-title-Anim-40.png?h=fc80f20d4788ce1099a28916ba12800b","type":"image","key":"idle-title-Anim-40"},{"url":"assets/idle title anim/idle-title-Anim-41.png?h=c2f86b038c7fcc03dffc57294b8bfe01","type":"image","key":"idle-title-Anim-41"},{"url":"assets/idle title anim/idle-title-Anim-42.png?h=c2f86b038c7fcc03dffc57294b8bfe01","type":"image","key":"idle-title-Anim-42"},{"url":"assets/idle title anim/idle-title-Anim-43.png?h=c2f86b038c7fcc03dffc57294b8bfe01","type":"image","key":"idle-title-Anim-43"},{"url":"assets/idle title anim/idle-title-Anim-44.png?h=c2f86b038c7fcc03dffc57294b8bfe01","type":"image","key":"idle-title-Anim-44"},{"url":"assets/idle title anim/idle-title-Anim-45.png?h=c2f86b038c7fcc03dffc57294b8bfe01","type":"image","key":"idle-title-Anim-45"},{"url":"assets/idle title anim/idle-title-Anim-46.png?h=c2f86b038c7fcc03dffc57294b8bfe01","type":"image","key":"idle-title-Anim-46"},{"url":"assets/idle title anim/idle-title-Anim-47.png?h=c2f86b038c7fcc03dffc57294b8bfe01","type":"image","key":"idle-title-Anim-47"},{"url":"assets/idle title anim/idle-title-Anim-48.png?h=c2f86b038c7fcc03dffc57294b8bfe01","type":"image","key":"idle-title-Anim-48"},{"url":"assets/idle title anim/idle-title-Anim-49.png?h=c2f86b038c7fcc03dffc57294b8bfe01","type":"image","key":"idle-title-Anim-49"},{"url":"assets/idle title anim/idle-title-Anim-50.png?h=c2f86b038c7fcc03dffc57294b8bfe01","type":"image","key":"idle-title-Anim-50"},{"url":"assets/idle title anim/idle-title-Anim-51.png?h=c2f86b038c7fcc03dffc57294b8bfe01","type":"image","key":"idle-title-Anim-51"},{"url":"assets/idle title anim/idle-title-Anim-52.png?h=c2f86b038c7fcc03dffc57294b8bfe01","type":"image","key":"idle-title-Anim-52"},{"url":"assets/idle title anim/idle-title-Anim-53.png?h=c2f86b038c7fcc03dffc57294b8bfe01","type":"image","key":"idle-title-Anim-53"},{"url":"assets/idle title anim/idle-title-Anim-54.png?h=c2f86b038c7fcc03dffc57294b8bfe01","type":"image","key":"idle-title-Anim-54"},{"url":"assets/idle title anim/idle-title-Anim-55.png?h=c2f86b038c7fcc03dffc57294b8bfe01","type":"image","key":"idle-title-Anim-55"},{"url":"assets/idle title anim/idle-title-Anim-56.png?h=c2f86b038c7fcc03dffc57294b8bfe01","type":"image","key":"idle-title-Anim-56"},{"url":"assets/idle title anim/idle-title-Anim-57.png?h=c2f86b038c7fcc03dffc57294b8bfe01","type":"image","key":"idle-title-Anim-57"},{"url":"assets/gunOnly/left-gunonly/left-gunonly-1.png?h=d5844ccd286533417e308ebfd22db36d","type":"image","key":"left-gunonly-1"},{"url":"assets/gunOnly/left-gunonly/left-gunonly-2.png?h=d10174338db63ecd07e09c1f05b4d48c","type":"image","key":"left-gunonly-2"},{"url":"assets/gunOnly/left-gunonly/left-gunonly-3.png?h=d5844ccd286533417e308ebfd22db36d","type":"image","key":"left-gunonly-3"},{"url":"assets/gunOnly/left-gunonly/left-gunonly-4.png?h=d10174338db63ecd07e09c1f05b4d48c","type":"image","key":"left-gunonly-4"},{"url":"assets/Logo v2.png?h=75348b13a7fa79d298a0f024d2d5e0b8","type":"image","key":"Logo v2"},{"url":"assets/IN GAME MENU/MainMenu-Button-Red.png?h=402d6c3d771fce2cdc1214572c387106","type":"image","key":"MainMenu-Button-Red"},{"url":"assets/END GAME/GAME OVER/MainMenu-Button-Red.png?h=402d6c3d771fce2cdc1214572c387106","type":"image","key":"MainMenu-Button-Red_1"},{"url":"assets/IN GAME MENU/MainMenu-Button-Red-Selected.png?h=0cd167954b0eb084c97b116a4d90b77d","type":"image","key":"MainMenu-Button-Red-Selected"},{"url":"assets/END GAME/GAME OVER/MainMenu-Button-Red-Selected.png?h=0cd167954b0eb084c97b116a4d90b77d","type":"image","key":"MainMenu-Button-Red-Selected_1"},{"url":"assets/IN GAME MENU/Menu-BG.png?h=c8487f565ca5af738c25aecc173223cb","type":"image","key":"Menu-BG"},{"url":"assets/mid level/mid level.json?h=504631096140eabbcabd49a9e4314685","type":"tilemapTiledJSON","key":"mid level"},{"url":"assets/mid level/mid level.png?h=546c1c50038bd3e726689f02f96b9e17","frameConfig":{"frameWidth":32,"frameHeight":32,"startFrame":0,"endFrame":-1,"spacing":0,"margin":0},"type":"spritesheet","key":"mid level_1"},{"url":"assets/END GAME/GAME OVER/NewGame-Button-Red.png?h=663c4cdd4a9814d4d5f7768a690f3e43","type":"image","key":"NewGame-Button-Red"},{"url":"assets/END GAME/GAME OVER/NewGame-Button-Red-Selected.png?h=b41430fc62d2056bacf6297ba1ac4caa","type":"image","key":"NewGame-Button-Red-Selected"},{"url":"assets/END GAME/YouSurvived/Orange-BG.png?h=91ac5997cf3d6ef13c540db944b0811b","type":"image","key":"Orange-BG"},{"url":"assets/PCProjectile.png?h=b2610891fbce45a7bf686296d83b31fd","type":"image","key":"PCProjectile"},{"url":"assets/PCProjectile32.png?h=99bed3a7cc5fe33d96f4fac42b921242","frameConfig":{"frameWidth":32,"frameHeight":32,"startFrame":0,"endFrame":-1,"spacing":0,"margin":0},"type":"spritesheet","key":"PCProjectile32"},{"url":"assets/placeHolderTunnel.png?h=5b195ff10d0df5ee8207f15ec26258bc","type":"image","key":"placeHolderTunnel"},{"url":"assets/playerOnly/front-walk-gun/playerHoldGun-20.png?h=aeb01f12ffcd0a2fd3c4583a5fc0d06a","type":"image","key":"playerHoldGun-20"},{"url":"assets/playerOnly/front-walk-gun/playerHoldGun-21.png?h=a89834dcb47d29732fe0305ed91f56d1","type":"image","key":"playerHoldGun-21"},{"url":"assets/playerOnly/front-walk-gun/playerHoldGun-22.png?h=35d2eaddbe469023f676c0d4dbb0f3dd","type":"image","key":"playerHoldGun-22"},{"url":"assets/playerOnly/front-walk-gun/playerHoldGun-23.png?h=b3aa74d970bec388093013ed07be2758","type":"image","key":"playerHoldGun-23"},{"url":"assets/playerOnly/left-walk-gun/playerHoldGun-24.png?h=a7bc5490dcdc3732c9ae8f792e07eb91","type":"image","key":"playerHoldGun-24"},{"url":"assets/playerOnly/left-walk-gun/playerHoldGun-25.png?h=e5997079202313c54ad97f1a78223cbf","type":"image","key":"playerHoldGun-25"},{"url":"assets/playerOnly/left-walk-gun/playerHoldGun-26.png?h=fc519499e86a17cde2084e3113c5d2af","type":"image","key":"playerHoldGun-26"},{"url":"assets/playerOnly/left-walk-gun/playerHoldGun-27.png?h=e9a8794a053cdb39f6b4ccfd362fee33","type":"image","key":"playerHoldGun-27"},{"url":"assets/playerOnly/right-walk-gun/playerHoldGun-28.png?h=3a9b000b1d8693a9f59d8ada2504f613","type":"image","key":"playerHoldGun-28"},{"url":"assets/playerOnly/right-walk-gun/playerHoldGun-29.png?h=bca589faffeb28c1b8a5337efb30fcdd","type":"image","key":"playerHoldGun-29"},{"url":"assets/playerOnly/right-walk-gun/playerHoldGun-30.png?h=f9c66bc4e73d710bc436904e10697f7a","type":"image","key":"playerHoldGun-30"},{"url":"assets/playerOnly/right-walk-gun/playerHoldGun-31.png?h=861e89744fe43fae225c90dccb156fbe","type":"image","key":"playerHoldGun-31"},{"url":"assets/playerOnly/back-walk-gun/playerHoldGun-32.png?h=1c4958e628c8dee6113ea831f3cfc422","type":"image","key":"playerHoldGun-32"},{"url":"assets/playerOnly/back-walk-gun/playerHoldGun-33.png?h=ff85be1d0b46526d6e884bf322ecd5d2","type":"image","key":"playerHoldGun-33"},{"url":"assets/playerOnly/back-walk-gun/playerHoldGun-34.png?h=4d6721fe476a9a1c1109a4b9bf4373ae","type":"image","key":"playerHoldGun-34"},{"url":"assets/playerOnly/back-walk-gun/playerHoldGun-35.png?h=87c2af64d6d37ecd03de0bc6aba52ee6","type":"image","key":"playerHoldGun-35"},{"url":"assets/playerOnly/left-walk/playerOnly-10.png?h=205a389a895bc2e72323bc4a7de4ab2b","type":"image","key":"playerOnly-10"},{"url":"assets/playerOnly/left-walk/playerOnly-11.png?h=c8c1026f3b701853e8d154a4456b55ef","type":"image","key":"playerOnly-11"},{"url":"assets/playerOnly/right-walk/playerOnly-12.png?h=9ae19cbc8ca3daba9aa684e16eeceaa4","type":"image","key":"playerOnly-12"},{"url":"assets/playerOnly/right-walk/playerOnly-13.png?h=14ac1abacd690aaaff2bd3c6e38a4bcc","type":"image","key":"playerOnly-13"},{"url":"assets/playerOnly/right-walk/playerOnly-14.png?h=1b3bf03f48651d830277ed0995cb396f","type":"image","key":"playerOnly-14"},{"url":"assets/playerOnly/right-walk/playerOnly-15.png?h=0fb077916858214dc9639dbb2c0a6cf2","type":"image","key":"playerOnly-15"},{"url":"assets/playerOnly/back-walk/playerOnly-16.png?h=7195fe1a95ae8b1f2826ace3fb07f060","type":"image","key":"playerOnly-16"},{"url":"assets/playerOnly/back-walk/playerOnly-17.png?h=aa5536e0efd477b8d8d376fdf46aa4cf","type":"image","key":"playerOnly-17"},{"url":"assets/playerOnly/back-walk/playerOnly-18.png?h=9363917bf2bee20d0bd3cb3bc981afcf","type":"image","key":"playerOnly-18"},{"url":"assets/playerOnly/back-walk/playerOnly-19.png?h=86be5283a54c0891fa64e23ea40f477d","type":"image","key":"playerOnly-19"},{"url":"assets/playerOnly/front-walk-hold/playerOnly-20.png?h=23d39c677001ee3db17e5a0eb1f4a072","type":"image","key":"playerOnly-20"},{"url":"assets/playerOnly/front-walk-hold/playerOnly-21.png?h=459202c15d6347419f28c285ee9da591","type":"image","key":"playerOnly-21"},{"url":"assets/playerOnly/front-walk-hold/playerOnly-22.png?h=c5e08b0d0d5d338bc11e2c4fc3bf23bd","type":"image","key":"playerOnly-22"},{"url":"assets/playerOnly/front-walk-hold/playerOnly-23.png?h=0ee4687cdfab72f4c1c9c0b99e8ec4e5","type":"image","key":"playerOnly-23"},{"url":"assets/playerOnly/left-walk-hold/playerOnly-24.png?h=79c62efdae02cd2030d5864796428cdc","type":"image","key":"playerOnly-24"},{"url":"assets/playerOnly/left-walk-hold/playerOnly-25.png?h=c5187cf736c1303fa21cedfe49f1dfea","type":"image","key":"playerOnly-25"},{"url":"assets/playerOnly/left-walk-hold/playerOnly-26.png?h=2faca324351b0903714cf789d0f492ed","type":"image","key":"playerOnly-26"},{"url":"assets/playerOnly/left-walk-hold/playerOnly-27.png?h=677a8abf98fcc7c1072467ff23609313","type":"image","key":"playerOnly-27"},{"url":"assets/playerOnly/right-walk-hold/playerOnly-28.png?h=cdb55499bd86400863690638ff4b024b","type":"image","key":"playerOnly-28"},{"url":"assets/playerOnly/right-walk-hold/playerOnly-29.png?h=d0309611cd2ee92a876a88d2984b5286","type":"image","key":"playerOnly-29"},{"url":"assets/playerOnly/right-walk-hold/playerOnly-30.png?h=fb5481a56c18c22d2fad24ce4b347feb","type":"image","key":"playerOnly-30"},{"url":"assets/playerOnly/right-walk-hold/playerOnly-31.png?h=0fb077916858214dc9639dbb2c0a6cf2","type":"image","key":"playerOnly-31"},{"url":"assets/playerOnly/back-walk-hold/playerOnly-32.png?h=2f2ba110142ee3803f46718b0142ab2e","type":"image","key":"playerOnly-32"},{"url":"assets/playerOnly/back-walk-hold/playerOnly-33.png?h=e692a0ba6ed1d51403fab75abebf2f27","type":"image","key":"playerOnly-33"},{"url":"assets/playerOnly/back-walk-hold/playerOnly-34.png?h=71f46bf05e45a543e4d2bc51d92af29f","type":"image","key":"playerOnly-34"},{"url":"assets/playerOnly/back-walk-hold/playerOnly-35.png?h=562f134fde3015ff2b2254cc95bc782d","type":"image","key":"playerOnly-35"},{"url":"assets/playerOnly/front-walk/playerOnly-4.png?h=17ffb7a76f717f6e3483b5de587cce4a","type":"image","key":"playerOnly-4"},{"url":"assets/playerOnly/front-walk/playerOnly-5.png?h=95cb024607e5f24d790394b96ddac920","type":"image","key":"playerOnly-5"},{"url":"assets/playerOnly/front-walk/playerOnly-6.png?h=80de0277a4870fcdaed227ec4e8099c1","type":"image","key":"playerOnly-6"},{"url":"assets/playerOnly/front-walk/playerOnly-7.png?h=c76dd1951d465fb16a07632c0cbe5986","type":"image","key":"playerOnly-7"},{"url":"assets/playerOnly/left-walk/playerOnly-8.png?h=8a16f93d26bc3afbd78ff5a420e03c43","type":"image","key":"playerOnly-8"},{"url":"assets/playerOnly/left-walk/playerOnly-9.png?h=8c5d9994b6fe2851eec9c617d7c90194","type":"image","key":"playerOnly-9"},{"url":"assets/playerPSDeq.png?h=37473014f04dc151a22de0221c694050","frameConfig":{"frameWidth":64,"frameHeight":64,"startFrame":0,"endFrame":-1,"spacing":0,"margin":0},"type":"spritesheet","key":"playerPSDeq"},{"url":"assets/PoisonRocktEndFrame.png?h=ba6940aaedae72a53c9859286a695886","type":"image","key":"PoisonRocktEndFrame"},{"url":"assets/ProxyBurstEndFrame.png?h=cb5a326738111d8123b3fe5627abfcff","type":"image","key":"ProxyBurstEndFrame"},{"url":"assets/PSDField.png?h=2343299416bb9b9e3cd05748b3523863","frameConfig":{"frameWidth":32,"frameHeight":32,"startFrame":0,"endFrame":-1,"spacing":0,"margin":0},"type":"spritesheet","key":"PSDField"},{"url":"assets/raw-break-interact.png?h=de759cb099d6f20a1fd67667e90c7d94","frameConfig":{"frameWidth":32,"frameHeight":32,"startFrame":0,"endFrame":-1,"spacing":0,"margin":0},"type":"spritesheet","key":"raw-break-interact"},{"url":"assets/gunOnly/right-gunonly/right-gunonly-1.png?h=2139ce06cd3ab7cfbb63fb7ff9744de0","type":"image","key":"right-gunonly-1"},{"url":"assets/gunOnly/right-gunonly/right-gunonly-2.png?h=70976dcd1f66416720633cb376d67dfd","type":"image","key":"right-gunonly-2"},{"url":"assets/gunOnly/right-gunonly/right-gunonly-3.png?h=2139ce06cd3ab7cfbb63fb7ff9744de0","type":"image","key":"right-gunonly-3"},{"url":"assets/gunOnly/right-gunonly/right-gunonly-4.png?h=3bfe02bfbc2338b04dac4f544b8189c7","type":"image","key":"right-gunonly-4"},{"url":"assets/Start Anim/Start-Anim-1.png?h=fc80f20d4788ce1099a28916ba12800b","type":"image","key":"Start-Anim-1"},{"url":"assets/Start Anim/Start-Anim-10.png?h=fc80f20d4788ce1099a28916ba12800b","type":"image","key":"Start-Anim-10"},{"url":"assets/Start Anim/Start-Anim-11.png?h=a5a1fd5428dbbb7db09098ba75831402","type":"image","key":"Start-Anim-11"},{"url":"assets/Start Anim/Start-Anim-12.png?h=a5a1fd5428dbbb7db09098ba75831402","type":"image","key":"Start-Anim-12"},{"url":"assets/Start Anim/Start-Anim-13.png?h=a5a1fd5428dbbb7db09098ba75831402","type":"image","key":"Start-Anim-13"},{"url":"assets/Start Anim/Start-Anim-14.png?h=a5a1fd5428dbbb7db09098ba75831402","type":"image","key":"Start-Anim-14"},{"url":"assets/Start Anim/Start-Anim-15.png?h=a5a1fd5428dbbb7db09098ba75831402","type":"image","key":"Start-Anim-15"},{"url":"assets/Start Anim/Start-Anim-16.png?h=b517b6b6d48cd0b7225bdde60f4da6a8","type":"image","key":"Start-Anim-16"},{"url":"assets/Start Anim/Start-Anim-17.png?h=28ab875f43bf20f90a43131e1646ba51","type":"image","key":"Start-Anim-17"},{"url":"assets/Start Anim/Start-Anim-18.png?h=f0b7cd64e5846786576c5c5c8e6bb60e","type":"image","key":"Start-Anim-18"},{"url":"assets/Start Anim/Start-Anim-19.png?h=7891cc23ece6ed59852be7ebd3fb0acd","type":"image","key":"Start-Anim-19"},{"url":"assets/Start Anim/Start-Anim-2.png?h=fc80f20d4788ce1099a28916ba12800b","type":"image","key":"Start-Anim-2"},{"url":"assets/Start Anim/Start-Anim-20.png?h=8c15d2f95c90e74e1c48578544074a91","type":"image","key":"Start-Anim-20"},{"url":"assets/Start Anim/Start-Anim-21.png?h=7136900a75579a80a2d4c5114118527a","type":"image","key":"Start-Anim-21"},{"url":"assets/Start Anim/Start-Anim-22.png?h=1ce8099b27144d2fd055e5a33e6af5b0","type":"image","key":"Start-Anim-22"},{"url":"assets/Start Anim/Start-Anim-23.png?h=b255776d756639dc3d658040651e4889","type":"image","key":"Start-Anim-23"},{"url":"assets/Start Anim/Start-Anim-24.png?h=2c7626ff845c011ba867f55805348bba","type":"image","key":"Start-Anim-24"},{"url":"assets/Start Anim/Start-Anim-25.png?h=a316b48e4e746bdb9e627b3dbdaf7c32","type":"image","key":"Start-Anim-25"},{"url":"assets/Start Anim/Start-Anim-26.png?h=1e15457038f0c9675c5608f6a7e410ec","type":"image","key":"Start-Anim-26"},{"url":"assets/Start Anim/Start-Anim-27.png?h=087061b5ac9da0996cbae91be9273a93","type":"image","key":"Start-Anim-27"},{"url":"assets/Start Anim/Start-Anim-28.png?h=3469e6a4025665e8a6923beeef9b97b9","type":"image","key":"Start-Anim-28"},{"url":"assets/Start Anim/Start-Anim-29.png?h=44c5e3294e4f829e9c1e38962d5a4e85","type":"image","key":"Start-Anim-29"},{"url":"assets/Start Anim/Start-Anim-3.png?h=fc80f20d4788ce1099a28916ba12800b","type":"image","key":"Start-Anim-3"},{"url":"assets/Start Anim/Start-Anim-30.png?h=abe4b9f68f25df42babc891f5bb7ec49","type":"image","key":"Start-Anim-30"},{"url":"assets/Start Anim/Start-Anim-31.png?h=bf498a9e6486dda96d2f3734bb060c75","type":"image","key":"Start-Anim-31"},{"url":"assets/Start Anim/Start-Anim-32.png?h=fc80f20d4788ce1099a28916ba12800b","type":"image","key":"Start-Anim-32"},{"url":"assets/Start Anim/Start-Anim-33.png?h=fc80f20d4788ce1099a28916ba12800b","type":"image","key":"Start-Anim-33"},{"url":"assets/Start Anim/Start-Anim-34.png?h=afe920bb3753023afbc83c0572fd7746","type":"image","key":"Start-Anim-34"},{"url":"assets/Start Anim/Start-Anim-35.png?h=24d97ba3c4317cb754b679193907b9f4","type":"image","key":"Start-Anim-35"},{"url":"assets/Start Anim/Start-Anim-36.png?h=e1fc299cf645b7eaf3f8098a044e0c11","type":"image","key":"Start-Anim-36"},{"url":"assets/Start Anim/Start-Anim-37.png?h=ba22d5c48fd9f1f46e16655fa32e782c","type":"image","key":"Start-Anim-37"},{"url":"assets/Start Anim/Start-Anim-38.png?h=f1506ecb1573067549244973a40cb94e","type":"image","key":"Start-Anim-38"},{"url":"assets/Start Anim/Start-Anim-39.png?h=4f153f8153b06429cd71222037a278bf","type":"image","key":"Start-Anim-39"},{"url":"assets/Start Anim/Start-Anim-4.png?h=fc80f20d4788ce1099a28916ba12800b","type":"image","key":"Start-Anim-4"},{"url":"assets/Start Anim/Start-Anim-40.png?h=5f2608bf28db747fc905b812cfce7502","type":"image","key":"Start-Anim-40"},{"url":"assets/Start Anim/Start-Anim-41.png?h=91b0e4d43de7ad25560f13725bf1d0f4","type":"image","key":"Start-Anim-41"},{"url":"assets/Start Anim/Start-Anim-42.png?h=1967a93668d4518585c6b375d1a3e0fa","type":"image","key":"Start-Anim-42"},{"url":"assets/Start Anim/Start-Anim-43.png?h=1967a93668d4518585c6b375d1a3e0fa","type":"image","key":"Start-Anim-43"},{"url":"assets/Start Anim/Start-Anim-44.png?h=1967a93668d4518585c6b375d1a3e0fa","type":"image","key":"Start-Anim-44"},{"url":"assets/Start Anim/Start-Anim-45.png?h=1967a93668d4518585c6b375d1a3e0fa","type":"image","key":"Start-Anim-45"},{"url":"assets/Start Anim/Start-Anim-46.png?h=1967a93668d4518585c6b375d1a3e0fa","type":"image","key":"Start-Anim-46"},{"url":"assets/Start Anim/Start-Anim-47.png?h=1967a93668d4518585c6b375d1a3e0fa","type":"image","key":"Start-Anim-47"},{"url":"assets/Start Anim/Start-Anim-48.png?h=1967a93668d4518585c6b375d1a3e0fa","type":"image","key":"Start-Anim-48"},{"url":"assets/Start Anim/Start-Anim-49.png?h=740cfd93592fd5fd6e48b43659bc9af7","type":"image","key":"Start-Anim-49"},{"url":"assets/Start Anim/Start-Anim-5.png?h=fc80f20d4788ce1099a28916ba12800b","type":"image","key":"Start-Anim-5"},{"url":"assets/Start Anim/Start-Anim-50.png?h=740cfd93592fd5fd6e48b43659bc9af7","type":"image","key":"Start-Anim-50"},{"url":"assets/Start Anim/Start-Anim-51.png?h=740cfd93592fd5fd6e48b43659bc9af7","type":"image","key":"Start-Anim-51"},{"url":"assets/Start Anim/Start-Anim-52.png?h=740cfd93592fd5fd6e48b43659bc9af7","type":"image","key":"Start-Anim-52"},{"url":"assets/Start Anim/Start-Anim-53.png?h=740cfd93592fd5fd6e48b43659bc9af7","type":"image","key":"Start-Anim-53"},{"url":"assets/Start Anim/Start-Anim-54.png?h=740cfd93592fd5fd6e48b43659bc9af7","type":"image","key":"Start-Anim-54"},{"url":"assets/Start Anim/Start-Anim-55.png?h=740cfd93592fd5fd6e48b43659bc9af7","type":"image","key":"Start-Anim-55"},{"url":"assets/Start Anim/Start-Anim-56.png?h=740cfd93592fd5fd6e48b43659bc9af7","type":"image","key":"Start-Anim-56"},{"url":"assets/Start Anim/Start-Anim-57.png?h=3b51f4db48ff6bb961f6be1d26165883","type":"image","key":"Start-Anim-57"},{"url":"assets/Start Anim/Start-Anim-58.png?h=3b51f4db48ff6bb961f6be1d26165883","type":"image","key":"Start-Anim-58"},{"url":"assets/Start Anim/Start-Anim-59.png?h=3b51f4db48ff6bb961f6be1d26165883","type":"image","key":"Start-Anim-59"},{"url":"assets/Start Anim/Start-Anim-6.png?h=fc80f20d4788ce1099a28916ba12800b","type":"image","key":"Start-Anim-6"},{"url":"assets/Start Anim/Start-Anim-60.png?h=3b51f4db48ff6bb961f6be1d26165883","type":"image","key":"Start-Anim-60"},{"url":"assets/Start Anim/Start-Anim-61.png?h=da138630f6e9e00bf2c058dddc969996","type":"image","key":"Start-Anim-61"},{"url":"assets/Start Anim/Start-Anim-62.png?h=788f0d9477d158bfe735ba4e0de91e9c","type":"image","key":"Start-Anim-62"},{"url":"assets/Start Anim/Start-Anim-63.png?h=a41f9a1cd8749f267ea7407f8fbaf80f","type":"image","key":"Start-Anim-63"},{"url":"assets/Start Anim/Start-Anim-64.png?h=4df44a41f0b961064aa903980cb419e3","type":"image","key":"Start-Anim-64"},{"url":"assets/Start Anim/Start-Anim-65.png?h=c02736245fbebd74b2e09b22f8306191","type":"image","key":"Start-Anim-65"},{"url":"assets/Start Anim/Start-Anim-66.png?h=c104cf69efe96ca93b887fc767290479","type":"image","key":"Start-Anim-66"},{"url":"assets/Start Anim/Start-Anim-67.png?h=87903a53a1288ae51636308847b13758","type":"image","key":"Start-Anim-67"},{"url":"assets/Start Anim/Start-Anim-68.png?h=2d161f29196ac574c783b0c12b096d7a","type":"image","key":"Start-Anim-68"},{"url":"assets/Start Anim/Start-Anim-69.png?h=be310ee887d2296296dc108ce2926d60","type":"image","key":"Start-Anim-69"},{"url":"assets/Start Anim/Start-Anim-7.png?h=fc80f20d4788ce1099a28916ba12800b","type":"image","key":"Start-Anim-7"},{"url":"assets/Start Anim/Start-Anim-70.png?h=03c195b8f97fc4282573c1acdbadf31a","type":"image","key":"Start-Anim-70"},{"url":"assets/Start Anim/Start-Anim-71.png?h=87ab2c2bcfb8c467b558827d1f22a53f","type":"image","key":"Start-Anim-71"},{"url":"assets/Start Anim/Start-Anim-72.png?h=d2b23b3e31cd8f3f17ac2d628e657e98","type":"image","key":"Start-Anim-72"},{"url":"assets/Start Anim/Start-Anim-73.png?h=510f1fbe6b33237460462c17e668b8a9","type":"image","key":"Start-Anim-73"},{"url":"assets/Start Anim/Start-Anim-74.png?h=ec533725cb8f5e68e9f0390d59a01cf8","type":"image","key":"Start-Anim-74"},{"url":"assets/Start Anim/Start-Anim-75.png?h=524802e536be4274c756d926f6b274cd","type":"image","key":"Start-Anim-75"},{"url":"assets/Start Anim/Start-Anim-76.png?h=524802e536be4274c756d926f6b274cd","type":"image","key":"Start-Anim-76"},{"url":"assets/Start Anim/Start-Anim-77.png?h=524802e536be4274c756d926f6b274cd","type":"image","key":"Start-Anim-77"},{"url":"assets/Start Anim/Start-Anim-78.png?h=524802e536be4274c756d926f6b274cd","type":"image","key":"Start-Anim-78"},{"url":"assets/Start Anim/Start-Anim-79.png?h=8a60d385bea15bdeed62c600575f2914","type":"image","key":"Start-Anim-79"},{"url":"assets/Start Anim/Start-Anim-8.png?h=fc80f20d4788ce1099a28916ba12800b","type":"image","key":"Start-Anim-8"},{"url":"assets/Start Anim/Start-Anim-80.png?h=fef841001ad7f6a7bdff0afab2845e73","type":"image","key":"Start-Anim-80"},{"url":"assets/Start Anim/Start-Anim-81.png?h=b987912ef8e8d1d1f76e3f8213c4b71f","type":"image","key":"Start-Anim-81"},{"url":"assets/Start Anim/Start-Anim-82.png?h=b987912ef8e8d1d1f76e3f8213c4b71f","type":"image","key":"Start-Anim-82"},{"url":"assets/Start Anim/Start-Anim-83.png?h=2e83844952d9de675a576ab8a61f11a5","type":"image","key":"Start-Anim-83"},{"url":"assets/Start Anim/Start-Anim-84.png?h=9936e80fe258d8984d906d942fe20db3","type":"image","key":"Start-Anim-84"},{"url":"assets/Start Anim/Start-Anim-85.png?h=c16bece4b188cd2e8b05a7c2095c2b8b","type":"image","key":"Start-Anim-85"},{"url":"assets/Start Anim/Start-Anim-86.png?h=15ad8600425ab8ddfa839c863150be43","type":"image","key":"Start-Anim-86"},{"url":"assets/Start Anim/Start-Anim-87.png?h=ac5abd8b2844fe04c714582d1f16ab89","type":"image","key":"Start-Anim-87"},{"url":"assets/Start Anim/Start-Anim-88.png?h=051714459134a683bbfac632971c8471","type":"image","key":"Start-Anim-88"},{"url":"assets/Start Anim/Start-Anim-89.png?h=c4d69f99b7dc332b9d51a884a042f4be","type":"image","key":"Start-Anim-89"},{"url":"assets/Start Anim/Start-Anim-9.png?h=fc80f20d4788ce1099a28916ba12800b","type":"image","key":"Start-Anim-9"},{"url":"assets/Start Anim/Start-Anim-90.png?h=c5d80d17cbc25cf41a5b30a838e20482","type":"image","key":"Start-Anim-90"},{"url":"assets/Start Anim/Start-Anim-91.png?h=39ca9233d087ef59ea784bbe93197ae7","type":"image","key":"Start-Anim-91"},{"url":"assets/Start Anim/Start-Anim-92.png?h=7e4c43b9aad324cf975cd82e01eafe28","type":"image","key":"Start-Anim-92"},{"url":"assets/Start Anim/Start-Anim-93.png?h=787f56e98cce48d7ce130bd60776516c","type":"image","key":"Start-Anim-93"},{"url":"assets/Start Anim/Start-Anim-94.png?h=787f56e98cce48d7ce130bd60776516c","type":"image","key":"Start-Anim-94"},{"url":"assets/Start Anim/Start-Anim-95.png?h=787f56e98cce48d7ce130bd60776516c","type":"image","key":"Start-Anim-95"},{"url":"assets/Start Anim/Start-Anim-96.png?h=787f56e98cce48d7ce130bd60776516c","type":"image","key":"Start-Anim-96"},{"url":"assets/Start Anim/Start-Anim-97.png?h=787f56e98cce48d7ce130bd60776516c","type":"image","key":"Start-Anim-97"},{"url":"assets/Start Anim/Start-Anim-98.png?h=787f56e98cce48d7ce130bd60776516c","type":"image","key":"Start-Anim-98"},{"url":"assets/Start level Anim/Start-Level-Anim-1.png?h=a2be3df68050390e30337bff1e5c7b59","type":"image","key":"Start-Level-Anim-1"},{"url":"assets/Start level Anim/Start-Level-Anim-10.png?h=2e5c8c26392ef2d9dd737357230d8fb9","type":"image","key":"Start-Level-Anim-10"},{"url":"assets/Start level Anim/Start-Level-Anim-11.png?h=2e5c8c26392ef2d9dd737357230d8fb9","type":"image","key":"Start-Level-Anim-11"},{"url":"assets/Start level Anim/Start-Level-Anim-12.png?h=2e5c8c26392ef2d9dd737357230d8fb9","type":"image","key":"Start-Level-Anim-12"},{"url":"assets/Start level Anim/Start-Level-Anim-13.png?h=cd0c212608d083c92225af60654a2101","type":"image","key":"Start-Level-Anim-13"},{"url":"assets/Start level Anim/Start-Level-Anim-14.png?h=cd0c212608d083c92225af60654a2101","type":"image","key":"Start-Level-Anim-14"},{"url":"assets/Start level Anim/Start-Level-Anim-15.png?h=cd0c212608d083c92225af60654a2101","type":"image","key":"Start-Level-Anim-15"},{"url":"assets/Start level Anim/Start-Level-Anim-16.png?h=cd0c212608d083c92225af60654a2101","type":"image","key":"Start-Level-Anim-16"},{"url":"assets/Start level Anim/Start-Level-Anim-17.png?h=cd0c212608d083c92225af60654a2101","type":"image","key":"Start-Level-Anim-17"},{"url":"assets/Start level Anim/Start-Level-Anim-18.png?h=a0126184e796609ddca51bc60937a2f0","type":"image","key":"Start-Level-Anim-18"},{"url":"assets/Start level Anim/Start-Level-Anim-19.png?h=a0126184e796609ddca51bc60937a2f0","type":"image","key":"Start-Level-Anim-19"},{"url":"assets/Start level Anim/Start-Level-Anim-2.png?h=1e15968c959bfee4d102daf1854d288d","type":"image","key":"Start-Level-Anim-2"},{"url":"assets/Start level Anim/Start-Level-Anim-20.png?h=2ec586e9ce73bbfa2ef283c3e13f52e0","type":"image","key":"Start-Level-Anim-20"},{"url":"assets/Start level Anim/Start-Level-Anim-21.png?h=dff7fd812933e706e989701b6617ae44","type":"image","key":"Start-Level-Anim-21"},{"url":"assets/Start level Anim/Start-Level-Anim-22.png?h=560c516d6676e238ed82dc42b24e3074","type":"image","key":"Start-Level-Anim-22"},{"url":"assets/Start level Anim/Start-Level-Anim-23.png?h=560c516d6676e238ed82dc42b24e3074","type":"image","key":"Start-Level-Anim-23"},{"url":"assets/Start level Anim/Start-Level-Anim-24.png?h=079fb0a86ed2117df0d1b060f3508cf4","type":"image","key":"Start-Level-Anim-24"},{"url":"assets/Start level Anim/Start-Level-Anim-25.png?h=0465ee34f949bbb9db9a23a259cc2f82","type":"image","key":"Start-Level-Anim-25"},{"url":"assets/Start level Anim/Start-Level-Anim-26.png?h=0465ee34f949bbb9db9a23a259cc2f82","type":"image","key":"Start-Level-Anim-26"},{"url":"assets/Start level Anim/Start-Level-Anim-27.png?h=c619c9e9376f2d49dc40fd777bb6ccc1","type":"image","key":"Start-Level-Anim-27"},{"url":"assets/Start level Anim/Start-Level-Anim-28.png?h=c619c9e9376f2d49dc40fd777bb6ccc1","type":"image","key":"Start-Level-Anim-28"},{"url":"assets/Start level Anim/Start-Level-Anim-29.png?h=ed3ead73a0cbaa7eeb7f0a58911f1f4b","type":"image","key":"Start-Level-Anim-29"},{"url":"assets/Start level Anim/Start-Level-Anim-3.png?h=be662e009cdcf8b1a6cbcb7684157dfe","type":"image","key":"Start-Level-Anim-3"},{"url":"assets/Start level Anim/Start-Level-Anim-30.png?h=ed3ead73a0cbaa7eeb7f0a58911f1f4b","type":"image","key":"Start-Level-Anim-30"},{"url":"assets/Start level Anim/Start-Level-Anim-31.png?h=bd905971b5f8cdfe3d694fe4a913f922","type":"image","key":"Start-Level-Anim-31"},{"url":"assets/Start level Anim/Start-Level-Anim-32.png?h=5022114c4b7961c4440e900fe4b47f68","type":"image","key":"Start-Level-Anim-32"},{"url":"assets/Start level Anim/Start-Level-Anim-33.png?h=5022114c4b7961c4440e900fe4b47f68","type":"image","key":"Start-Level-Anim-33"},{"url":"assets/Start level Anim/Start-Level-Anim-34.png?h=5022114c4b7961c4440e900fe4b47f68","type":"image","key":"Start-Level-Anim-34"},{"url":"assets/Start level Anim/Start-Level-Anim-35.png?h=bd905971b5f8cdfe3d694fe4a913f922","type":"image","key":"Start-Level-Anim-35"},{"url":"assets/Start level Anim/Start-Level-Anim-36.png?h=bd905971b5f8cdfe3d694fe4a913f922","type":"image","key":"Start-Level-Anim-36"},{"url":"assets/Start level Anim/Start-Level-Anim-37.png?h=a715d3e05dd6c24333998dd8dd211318","type":"image","key":"Start-Level-Anim-37"},{"url":"assets/Start level Anim/Start-Level-Anim-38.png?h=5022114c4b7961c4440e900fe4b47f68","type":"image","key":"Start-Level-Anim-38"},{"url":"assets/Start level Anim/Start-Level-Anim-39.png?h=a715d3e05dd6c24333998dd8dd211318","type":"image","key":"Start-Level-Anim-39"},{"url":"assets/Start level Anim/Start-Level-Anim-4.png?h=be662e009cdcf8b1a6cbcb7684157dfe","type":"image","key":"Start-Level-Anim-4"},{"url":"assets/Start level Anim/Start-Level-Anim-40.png?h=5022114c4b7961c4440e900fe4b47f68","type":"image","key":"Start-Level-Anim-40"},{"url":"assets/Start level Anim/Start-Level-Anim-41.png?h=5022114c4b7961c4440e900fe4b47f68","type":"image","key":"Start-Level-Anim-41"},{"url":"assets/Start level Anim/Start-Level-Anim-42.png?h=a715d3e05dd6c24333998dd8dd211318","type":"image","key":"Start-Level-Anim-42"},{"url":"assets/Start level Anim/Start-Level-Anim-43.png?h=5022114c4b7961c4440e900fe4b47f68","type":"image","key":"Start-Level-Anim-43"},{"url":"assets/Start level Anim/Start-Level-Anim-44.png?h=a715d3e05dd6c24333998dd8dd211318","type":"image","key":"Start-Level-Anim-44"},{"url":"assets/Start level Anim/Start-Level-Anim-45.png?h=a715d3e05dd6c24333998dd8dd211318","type":"image","key":"Start-Level-Anim-45"},{"url":"assets/Start level Anim/Start-Level-Anim-46.png?h=a715d3e05dd6c24333998dd8dd211318","type":"image","key":"Start-Level-Anim-46"},{"url":"assets/Start level Anim/Start-Level-Anim-47.png?h=a715d3e05dd6c24333998dd8dd211318","type":"image","key":"Start-Level-Anim-47"},{"url":"assets/Start level Anim/Start-Level-Anim-48.png?h=a715d3e05dd6c24333998dd8dd211318","type":"image","key":"Start-Level-Anim-48"},{"url":"assets/Start level Anim/Start-Level-Anim-49.png?h=a715d3e05dd6c24333998dd8dd211318","type":"image","key":"Start-Level-Anim-49"},{"url":"assets/Start level Anim/Start-Level-Anim-5.png?h=2e5c8c26392ef2d9dd737357230d8fb9","type":"image","key":"Start-Level-Anim-5"},{"url":"assets/Start level Anim/Start-Level-Anim-50.png?h=a715d3e05dd6c24333998dd8dd211318","type":"image","key":"Start-Level-Anim-50"},{"url":"assets/Start level Anim/Start-Level-Anim-51.png?h=a715d3e05dd6c24333998dd8dd211318","type":"image","key":"Start-Level-Anim-51"},{"url":"assets/Start level Anim/Start-Level-Anim-52.png?h=a715d3e05dd6c24333998dd8dd211318","type":"image","key":"Start-Level-Anim-52"},{"url":"assets/Start level Anim/Start-Level-Anim-53.png?h=a715d3e05dd6c24333998dd8dd211318","type":"image","key":"Start-Level-Anim-53"},{"url":"assets/Start level Anim/Start-Level-Anim-54.png?h=a715d3e05dd6c24333998dd8dd211318","type":"image","key":"Start-Level-Anim-54"},{"url":"assets/Start level Anim/Start-Level-Anim-55.png?h=a715d3e05dd6c24333998dd8dd211318","type":"image","key":"Start-Level-Anim-55"},{"url":"assets/Start level Anim/Start-Level-Anim-56.png?h=a715d3e05dd6c24333998dd8dd211318","type":"image","key":"Start-Level-Anim-56"},{"url":"assets/Start level Anim/Start-Level-Anim-57.png?h=a715d3e05dd6c24333998dd8dd211318","type":"image","key":"Start-Level-Anim-57"},{"url":"assets/Start level Anim/Start-Level-Anim-58.png?h=5022114c4b7961c4440e900fe4b47f68","type":"image","key":"Start-Level-Anim-58"},{"url":"assets/Start level Anim/Start-Level-Anim-59.png?h=a715d3e05dd6c24333998dd8dd211318","type":"image","key":"Start-Level-Anim-59"},{"url":"assets/Start level Anim/Start-Level-Anim-6.png?h=2e5c8c26392ef2d9dd737357230d8fb9","type":"image","key":"Start-Level-Anim-6"},{"url":"assets/Start level Anim/Start-Level-Anim-60.png?h=5022114c4b7961c4440e900fe4b47f68","type":"image","key":"Start-Level-Anim-60"},{"url":"assets/Start level Anim/Start-Level-Anim-61.png?h=5022114c4b7961c4440e900fe4b47f68","type":"image","key":"Start-Level-Anim-61"},{"url":"assets/Start level Anim/Start-Level-Anim-62.png?h=bd905971b5f8cdfe3d694fe4a913f922","type":"image","key":"Start-Level-Anim-62"},{"url":"assets/Start level Anim/Start-Level-Anim-63.png?h=ed3ead73a0cbaa7eeb7f0a58911f1f4b","type":"image","key":"Start-Level-Anim-63"},{"url":"assets/Start level Anim/Start-Level-Anim-64.png?h=c619c9e9376f2d49dc40fd777bb6ccc1","type":"image","key":"Start-Level-Anim-64"},{"url":"assets/Start level Anim/Start-Level-Anim-65.png?h=020634acef39d6631e4992d96919ff19","type":"image","key":"Start-Level-Anim-65"},{"url":"assets/Start level Anim/Start-Level-Anim-66.png?h=020634acef39d6631e4992d96919ff19","type":"image","key":"Start-Level-Anim-66"},{"url":"assets/Start level Anim/Start-Level-Anim-67.png?h=a9de427cd45f46762feae45beeb3cd1f","type":"image","key":"Start-Level-Anim-67"},{"url":"assets/Start level Anim/Start-Level-Anim-68.png?h=a9de427cd45f46762feae45beeb3cd1f","type":"image","key":"Start-Level-Anim-68"},{"url":"assets/Start level Anim/Start-Level-Anim-69.png?h=a9de427cd45f46762feae45beeb3cd1f","type":"image","key":"Start-Level-Anim-69"},{"url":"assets/Start level Anim/Start-Level-Anim-7.png?h=2e5c8c26392ef2d9dd737357230d8fb9","type":"image","key":"Start-Level-Anim-7"},{"url":"assets/Start level Anim/Start-Level-Anim-70.png?h=b0bca9b0994c027a8ad1a327cb1f4149","type":"image","key":"Start-Level-Anim-70"},{"url":"assets/Start level Anim/Start-Level-Anim-71.png?h=f3fe6dfb11b103954cf66836e12308e6","type":"image","key":"Start-Level-Anim-71"},{"url":"assets/Start level Anim/Start-Level-Anim-72.png?h=f3fe6dfb11b103954cf66836e12308e6","type":"image","key":"Start-Level-Anim-72"},{"url":"assets/Start level Anim/Start-Level-Anim-73.png?h=f3fe6dfb11b103954cf66836e12308e6","type":"image","key":"Start-Level-Anim-73"},{"url":"assets/Start level Anim/Start-Level-Anim-74.png?h=f3fe6dfb11b103954cf66836e12308e6","type":"image","key":"Start-Level-Anim-74"},{"url":"assets/Start level Anim/Start-Level-Anim-75.png?h=f3fe6dfb11b103954cf66836e12308e6","type":"image","key":"Start-Level-Anim-75"},{"url":"assets/Start level Anim/Start-Level-Anim-76.png?h=f3fe6dfb11b103954cf66836e12308e6","type":"image","key":"Start-Level-Anim-76"},{"url":"assets/Start level Anim/Start-Level-Anim-77.png?h=f3fe6dfb11b103954cf66836e12308e6","type":"image","key":"Start-Level-Anim-77"},{"url":"assets/Start level Anim/Start-Level-Anim-78.png?h=f3fe6dfb11b103954cf66836e12308e6","type":"image","key":"Start-Level-Anim-78"},{"url":"assets/Start level Anim/Start-Level-Anim-79.png?h=f3fe6dfb11b103954cf66836e12308e6","type":"image","key":"Start-Level-Anim-79"},{"url":"assets/Start level Anim/Start-Level-Anim-8.png?h=2e5c8c26392ef2d9dd737357230d8fb9","type":"image","key":"Start-Level-Anim-8"},{"url":"assets/Start level Anim/Start-Level-Anim-80.png?h=f3fe6dfb11b103954cf66836e12308e6","type":"image","key":"Start-Level-Anim-80"},{"url":"assets/Start level Anim/Start-Level-Anim-81.png?h=f3fe6dfb11b103954cf66836e12308e6","type":"image","key":"Start-Level-Anim-81"},{"url":"assets/Start level Anim/Start-Level-Anim-82.png?h=f3fe6dfb11b103954cf66836e12308e6","type":"image","key":"Start-Level-Anim-82"},{"url":"assets/Start level Anim/Start-Level-Anim-83.png?h=f3fe6dfb11b103954cf66836e12308e6","type":"image","key":"Start-Level-Anim-83"},{"url":"assets/Start level Anim/Start-Level-Anim-9.png?h=2e5c8c26392ef2d9dd737357230d8fb9","type":"image","key":"Start-Level-Anim-9"},{"url":"assets/Start level Anim Short/Start-Level-Anim-Short-01.png?h=248f34d166c2bc436aa31388a5fedf26","type":"image","key":"Start-Level-Anim-Short-01"},{"url":"assets/Start level Anim Short/Start-Level-Anim-Short-02.png?h=7fd4c09b90464d37404a54a227758c8c","type":"image","key":"Start-Level-Anim-Short-02"},{"url":"assets/Start level Anim Short/Start-Level-Anim-Short-03.png?h=90eab5688b6ee6cdc6cd0dde33e5ca08","type":"image","key":"Start-Level-Anim-Short-03"},{"url":"assets/Start level Anim Short/Start-Level-Anim-Short-04.png?h=90eab5688b6ee6cdc6cd0dde33e5ca08","type":"image","key":"Start-Level-Anim-Short-04"},{"url":"assets/Start level Anim Short/Start-Level-Anim-Short-05.png?h=c93ed08f0c846a3b20a2d99dc95a90eb","type":"image","key":"Start-Level-Anim-Short-05"},{"url":"assets/Start level Anim Short/Start-Level-Anim-Short-06.png?h=c93ed08f0c846a3b20a2d99dc95a90eb","type":"image","key":"Start-Level-Anim-Short-06"},{"url":"assets/Start level Anim Short/Start-Level-Anim-Short-07.png?h=c93ed08f0c846a3b20a2d99dc95a90eb","type":"image","key":"Start-Level-Anim-Short-07"},{"url":"assets/Start level Anim Short/Start-Level-Anim-Short-08.png?h=c93ed08f0c846a3b20a2d99dc95a90eb","type":"image","key":"Start-Level-Anim-Short-08"},{"url":"assets/Start level Anim Short/Start-Level-Anim-Short-09.png?h=c93ed08f0c846a3b20a2d99dc95a90eb","type":"image","key":"Start-Level-Anim-Short-09"},{"url":"assets/Start level Anim Short/Start-Level-Anim-Short-10.png?h=c93ed08f0c846a3b20a2d99dc95a90eb","type":"image","key":"Start-Level-Anim-Short-10"},{"url":"assets/Start level Anim Short/Start-Level-Anim-Short-11.png?h=c93ed08f0c846a3b20a2d99dc95a90eb","type":"image","key":"Start-Level-Anim-Short-11"},{"url":"assets/Start level Anim Short/Start-Level-Anim-Short-12.png?h=d1c97b298175da5865d70701facbd6e6","type":"image","key":"Start-Level-Anim-Short-12"},{"url":"assets/Start level Anim Short/Start-Level-Anim-Short-13.png?h=d1c97b298175da5865d70701facbd6e6","type":"image","key":"Start-Level-Anim-Short-13"},{"url":"assets/Start level Anim Short/Start-Level-Anim-Short-14.png?h=d1c97b298175da5865d70701facbd6e6","type":"image","key":"Start-Level-Anim-Short-14"},{"url":"assets/Start level Anim Short/Start-Level-Anim-Short-15.png?h=d1c97b298175da5865d70701facbd6e6","type":"image","key":"Start-Level-Anim-Short-15"},{"url":"assets/Start level Anim Short/Start-Level-Anim-Short-16.png?h=d1c97b298175da5865d70701facbd6e6","type":"image","key":"Start-Level-Anim-Short-16"},{"url":"assets/Start level Anim Short/Start-Level-Anim-Short-17.png?h=6c56ee90d4f825ade8335eb8ae08c9ee","type":"image","key":"Start-Level-Anim-Short-17"},{"url":"assets/Start level Anim Short/Start-Level-Anim-Short-18.png?h=f3fe6dfb11b103954cf66836e12308e6","type":"image","key":"Start-Level-Anim-Short-18"},{"url":"assets/Start level Anim Short/Start-Level-Anim-Short-19.png?h=f3fe6dfb11b103954cf66836e12308e6","type":"image","key":"Start-Level-Anim-Short-19"},{"url":"assets/Start level Anim Short/Start-Level-Anim-Short-20.png?h=f3fe6dfb11b103954cf66836e12308e6","type":"image","key":"Start-Level-Anim-Short-20"},{"url":"assets/swarm/back-attack/swarm-back-attack-1.png?h=3737a2805798a2fa9a99dd8de19a3d61","type":"image","key":"swarm-back-attack-1"},{"url":"assets/swarm/back-attack/swarm-back-attack-2.png?h=bc5207b8779bb85da1997a0de9d0e0ae","type":"image","key":"swarm-back-attack-2"},{"url":"assets/swarm/back-attack/swarm-back-attack-3.png?h=be10e8457d55a0f8de62a353338c4b38","type":"image","key":"swarm-back-attack-3"},{"url":"assets/swarm/back-attack/swarm-back-attack-4.png?h=87e99613f099bd1f110ffdaa697849e7","type":"image","key":"swarm-back-attack-4"},{"url":"assets/swarm/swarm-back-walk-1.png?h=6b7d177879ef9280864cd976629409ef","type":"image","key":"swarm-back-walk-1"},{"url":"assets/swarm/swarm-back-walk-2.png?h=457f8c42d1b4345db6777ac2f9c8d99f","type":"image","key":"swarm-back-walk-2"},{"url":"assets/swarm/swarm-back-walk-3.png?h=402c646953167b3f6fa1fc815947ba52","type":"image","key":"swarm-back-walk-3"},{"url":"assets/swarm/swarm-back-walk-4.png?h=76077391a41fcd8c7cf5584a05db96cf","type":"image","key":"swarm-back-walk-4"},{"url":"assets/swarm/front-attack/swarm-front-attack-1.png?h=61e71d1f624f1927e52f7bd1f307bedf","type":"image","key":"swarm-front-attack-1"},{"url":"assets/swarm/front-attack/swarm-front-attack-2.png?h=8bd4c3f1ffa422df5cec8bd611b8c1e4","type":"image","key":"swarm-front-attack-2"},{"url":"assets/swarm/front-attack/swarm-front-attack-3.png?h=c5a89f4a8f2689eb9cb55b53d1f8efa0","type":"image","key":"swarm-front-attack-3"},{"url":"assets/swarm/front-attack/swarm-front-attack-4.png?h=f6b05eabc2d4d95486e354046b1c56c1","type":"image","key":"swarm-front-attack-4"},{"url":"assets/swarm/swarm-front-walk-1.png?h=7877cbeb694816a4340adae9924c5f4a","type":"image","key":"swarm-front-walk-1"},{"url":"assets/swarm/swarm-front-walk-2.png?h=ed300c0eab3b353355d7ce67cd1732eb","type":"image","key":"swarm-front-walk-2"},{"url":"assets/swarm/swarm-front-walk-3.png?h=6ae192f510f3800e0d153723920a0a48","type":"image","key":"swarm-front-walk-3"},{"url":"assets/swarm/swarm-front-walk-4.png?h=7b961c20cf96f1bfb625dfd1ab400578","type":"image","key":"swarm-front-walk-4"},{"url":"assets/swarm/left-attack/swarm-left-attack-1.png?h=e9059ec89b42bea5bd6b6b492f8a7399","type":"image","key":"swarm-left-attack-1"},{"url":"assets/swarm/left-attack/swarm-left-attack-2.png?h=0cd1ab3c7a4b977086963a04c7643dd1","type":"image","key":"swarm-left-attack-2"},{"url":"assets/swarm/left-attack/swarm-left-attack-3.png?h=c07ecdc6422be4ca8023c79aa7450ba8","type":"image","key":"swarm-left-attack-3"},{"url":"assets/swarm/left-attack/swarm-left-attack-4.png?h=4652b15720da572fdd3f950e6b356eb2","type":"image","key":"swarm-left-attack-4"},{"url":"assets/swarm/swarm-left-walk-1.png?h=8879b2df824105725eeae8466f515ab6","type":"image","key":"swarm-left-walk-1"},{"url":"assets/swarm/swarm-left-walk-2.png?h=d470e550fff77e3a573cb068006e9f35","type":"image","key":"swarm-left-walk-2"},{"url":"assets/swarm/swarm-left-walk-3.png?h=ed3ebc03fe1ef93b9524ee1105e567ef","type":"image","key":"swarm-left-walk-3"},{"url":"assets/swarm/swarm-left-walk-4.png?h=d9d106d2ea04ab60c9ac9f7d23652535","type":"image","key":"swarm-left-walk-4"},{"url":"assets/swarm/right-attack/swarm-right-attack-1.png?h=4024cf119632811be56fb3cbac7a23f9","type":"image","key":"swarm-right-attack-1"},{"url":"assets/swarm/right-attack/swarm-right-attack-2.png?h=a304bf1d2c603c252e55d9755156d305","type":"image","key":"swarm-right-attack-2"},{"url":"assets/swarm/right-attack/swarm-right-attack-3.png?h=4fcc004063f10bb277ae357e2e9b701b","type":"image","key":"swarm-right-attack-3"},{"url":"assets/swarm/right-attack/swarm-right-attack-4.png?h=e71cd1d8c34a471cbd9c9d794c886a3c","type":"image","key":"swarm-right-attack-4"},{"url":"assets/swarm/swarm-right-walk-1.png?h=4fafe79d2c85e17cd698b813c048967c","type":"image","key":"swarm-right-walk-1"},{"url":"assets/swarm/swarm-right-walk-2.png?h=9e3bee92f74a3329d277d289469a67f6","type":"image","key":"swarm-right-walk-2"},{"url":"assets/swarm/swarm-right-walk-3.png?h=4fafe79d2c85e17cd698b813c048967c","type":"image","key":"swarm-right-walk-3"},{"url":"assets/swarm/swarm-right-walk-4.png?h=85b36ec6254803245f47ab4f62859d10","type":"image","key":"swarm-right-walk-4"},{"url":"assets/END GAME/YouSurvived/YouSurvived.png?h=84cd608341baf8965c78cee3782f5b27","type":"image","key":"YouSurvived"}]},"meta":{"app":"Phaser Editor 2D - Asset Pack Editor","contentType":"phasereditor2d.pack.core.AssetContentType","url":"https://phasereditor2d.com","version":2,"showAllFilesInBlocks":false}}