{"section1":{"files":[{"url":["assets/AUDIO/MUSIC/Ambient_Intro_Track_v3.wav?h=c796a1f9ba26f2bb019a6654c6395c51"],"type":"audio","key":"Ambient_Intro_Track_v3"},{"url":["assets/AUDIO/MUSIC/Boss_Fight_v3.wav?h=6ee9f9a9158f929937ac5aa57a6857b3"],"type":"audio","key":"Boss_Fight_v3"},{"url":["assets/AUDIO/SFX/BossTrap.wav?h=97de9f55cb5d5bfacde9a1d71aa3878a"],"type":"audio","key":"BossTrap"},{"url":["assets/AUDIO/SFX/CollectMineral.wav?h=f5fe3445e560bfee29aba8c5846d5505"],"type":"audio","key":"CollectMineral"},{"url":["assets/AUDIO/SFX/DeployPSD.wav?h=6757aeac350516a201a2c66570653108"],"type":"audio","key":"DeployPSD"},{"url":["assets/AUDIO/SFX/EnemyFootsteps.wav?h=cf276692d424f3d34448a8e634478677"],"type":"audio","key":"EnemyFootsteps"},{"url":["assets/AUDIO/SFX/EnemyShoot.wav?h=e3f4901ba84596db006026b221eeec89"],"type":"audio","key":"EnemyShoot"},{"url":["assets/AUDIO/SFX/FX_-_Energy_Field_Fade_Out.wav?h=e9ff290db4fec13dee97eca120a95ab3"],"type":"audio","key":"Energy_Field_Fade_Out"},{"url":["assets/AUDIO/SFX/FX_-_Energy_Field_Loop.wav?h=d517839fc6f8bac9b161dcceb1e8317f"],"type":"audio","key":"Energy_Field_Loop"},{"url":["assets/AUDIO/SFX/FX_-_Energy_Field_Start.wav?h=5ad776adeef7439f6acf850e0e650213"],"type":"audio","key":"Energy_Field_Start"},{"url":["assets/AUDIO/SFX/Footsteps.wav?h=cdcc3845d5e40ae6220e43ce603a32f2"],"type":"audio","key":"Footsteps"},{"url":["assets/AUDIO/MUSIC/Gameplay_Track_1.wav?h=4efe4ef5827d4391ee9d3b5d7dd63acd"],"type":"audio","key":"Gameplay_Track_1"},{"url":["assets/AUDIO/SFX/GasTrap.wav?h=1df4474e34e8480a5782bf37edb2cab1"],"type":"audio","key":"GasTrap"},{"url":["assets/AUDIO/SFX/LaserGun.wav?h=35a53a3031a0bbcd06d5ca3e16d8055c"],"type":"audio","key":"LaserGun"},{"url":["assets/AUDIO/SFX/LaserGunEquip.wav?h=3a00a29935b506b84c5c03a2d0e1431b"],"type":"audio","key":"LaserGunEquip"},{"url":["assets/AUDIO/SFX/menuMove.wav?h=bf8ff17b699d8ce8be64edfc5ac226a3"],"type":"audio","key":"menuMove"},{"url":["assets/AUDIO/SFX/MenuSelect.wav?h=daf9c75bdbc54f6b47f0544a46c4c296"],"type":"audio","key":"MenuSelect"},{"url":["assets/AUDIO/SFX/ProxyTrap.wav?h=4c6e2af3cf67ede35587e8405f1d9122"],"type":"audio","key":"ProxyTrap"},{"url":["assets/AUDIO/SFX/Start-Anim-SFX.wav?h=bf34ad64c28ea812eb60250abe770c6b"],"type":"audio","key":"Start-Anim-SFX"},{"url":["assets/AUDIO/SFX/TargetHit.wav?h=ca6bfaee0ddf9c0404848a153e626de5"],"type":"audio","key":"TargetHit"}]},"meta":{"app":"Phaser Editor 2D - Asset Pack Editor","contentType":"phasereditor2d.pack.core.AssetContentType","url":"https://phasereditor2d.com","version":2,"showAllFilesInBlocks":false}}