{"section1":{"files":[{"url":"assets/Boss Level/Boss Level.json?h=f26d5c591fc49feea70f04d4424d0bfa","type":"tilemapTiledJSON","key":"Boss Level"},{"url":"assets/Boss Level/BOSS LEVEL v1.png?h=fbead34869d65cbc1cdb72f642b62af1","frameConfig":{"frameWidth":32,"frameHeight":32,"startFrame":0,"endFrame":-1,"spacing":0,"margin":0},"type":"spritesheet","key":"BOSS LEVEL v1"},{"url":"assets/Boss Trap/boss trap reference 1.png?h=b0131ffd2aae9d5bf07b33850bf511b5","type":"image","key":"boss trap reference 1"},{"url":"assets/boss/boss-back-attack-1.png?h=de8dfcfe74c61e1d6d6f904ac75ea95d","type":"image","key":"boss-back-attack-1"},{"url":"assets/boss/boss-back-attack-2.png?h=3a74fe3dc7991c565d5cae2bc1bfbc2d","type":"image","key":"boss-back-attack-2"},{"url":"assets/boss/boss-back-attack-3.png?h=de8dfcfe74c61e1d6d6f904ac75ea95d","type":"image","key":"boss-back-attack-3"},{"url":"assets/boss/boss-back-attack-4.png?h=b2922ca7c527c47ff6aa879fc499b011","type":"image","key":"boss-back-attack-4"},{"url":"assets/boss/boss-back-idle-1.png?h=8056c0fc865fa10a371bead2f33166b0","type":"image","key":"boss-back-idle-1"},{"url":"assets/boss/boss-back-walk-1.png?h=8056c0fc865fa10a371bead2f33166b0","type":"image","key":"boss-back-walk-1"},{"url":"assets/boss/boss-back-walk-2.png?h=abd9bd7ab9c17145bc312f5fb6687d10","type":"image","key":"boss-back-walk-2"},{"url":"assets/boss/boss-back-walk-3.png?h=8056c0fc865fa10a371bead2f33166b0","type":"image","key":"boss-back-walk-3"},{"url":"assets/boss/boss-back-walk-4.png?h=d9caa4955f2f92149f1ddb31dab39bc4","type":"image","key":"boss-back-walk-4"},{"url":"assets/boss/boss-front-attack-1.png?h=9a87eae6e4747504d3c18c97340dbf48","type":"image","key":"boss-front-attack-1"},{"url":"assets/boss/boss-front-attack-2.png?h=2829720095e49e83988b3cd3c877de28","type":"image","key":"boss-front-attack-2"},{"url":"assets/boss/boss-front-attack-3.png?h=9358117c8210c04fc981d4df10575a75","type":"image","key":"boss-front-attack-3"},{"url":"assets/boss/boss-front-attack-4.png?h=b0b8e97570720c4a9a2b9acf1ebaa4d0","type":"image","key":"boss-front-attack-4"},{"url":"assets/boss/boss-front-idle-1.png?h=97e9da68b6ab09269020456314066a68","type":"image","key":"boss-front-idle-1"},{"url":"assets/boss/boss-front-walk-1.png?h=1a401645f5124e3cdd681d315543814d","type":"image","key":"boss-front-walk-1"},{"url":"assets/boss/boss-front-walk-2.png?h=c5dcca43e23661379060296175f70594","type":"image","key":"boss-front-walk-2"},{"url":"assets/boss/boss-front-walk-3.png?h=1a401645f5124e3cdd681d315543814d","type":"image","key":"boss-front-walk-3"},{"url":"assets/boss/boss-front-walk-4.png?h=b0b8e97570720c4a9a2b9acf1ebaa4d0","type":"image","key":"boss-front-walk-4"},{"url":"assets/boss/boss-left-attack-1.png?h=05aa83081da74f847ddf2dcc7ce3e2a0","type":"image","key":"boss-left-attack-1"},{"url":"assets/boss/boss-left-attack-2.png?h=d9e80f1fa5d868377e3780e04347e485","type":"image","key":"boss-left-attack-2"},{"url":"assets/boss/boss-left-attack-3.png?h=6361df6036148be9387bbc20cbcdce4d","type":"image","key":"boss-left-attack-3"},{"url":"assets/boss/boss-left-attack-4.png?h=03dee4e53c70337f5c25755162a69c96","type":"image","key":"boss-left-attack-4"},{"url":"assets/boss/boss-left-idle-1.png?h=98bedebf2d5137a4df292c61d65d3119","type":"image","key":"boss-left-idle-1"},{"url":"assets/boss/boss-left-walk-1.png?h=98bedebf2d5137a4df292c61d65d3119","type":"image","key":"boss-left-walk-1"},{"url":"assets/boss/boss-left-walk-2.png?h=ea9623cf9809f5df462797afddc2d046","type":"image","key":"boss-left-walk-2"},{"url":"assets/boss/boss-left-walk-3.png?h=98bedebf2d5137a4df292c61d65d3119","type":"image","key":"boss-left-walk-3"},{"url":"assets/boss/boss-left-walk-4.png?h=36573c1cd0f51f06fea3ff903d3ba2b8","type":"image","key":"boss-left-walk-4"},{"url":"assets/Boss Level/Boss Level Door Anim/BOSS-LEVEL-DOOR-ANIM-01.png?h=db2bfefdc496e5626a78c61a79406b3f","type":"image","key":"BOSS-LEVEL-DOOR-ANIM-01"},{"url":"assets/Boss Level/Boss Level Door Anim/BOSS-LEVEL-DOOR-ANIM-02.png?h=db2bfefdc496e5626a78c61a79406b3f","type":"image","key":"BOSS-LEVEL-DOOR-ANIM-02"},{"url":"assets/Boss Level/Boss Level Door Anim/BOSS-LEVEL-DOOR-ANIM-03.png?h=db2bfefdc496e5626a78c61a79406b3f","type":"image","key":"BOSS-LEVEL-DOOR-ANIM-03"},{"url":"assets/Boss Level/Boss Level Door Anim/BOSS-LEVEL-DOOR-ANIM-04.png?h=db2bfefdc496e5626a78c61a79406b3f","type":"image","key":"BOSS-LEVEL-DOOR-ANIM-04"},{"url":"assets/Boss Level/Boss Level Door Anim/BOSS-LEVEL-DOOR-ANIM-05.png?h=db2bfefdc496e5626a78c61a79406b3f","type":"image","key":"BOSS-LEVEL-DOOR-ANIM-05"},{"url":"assets/Boss Level/Boss Level Door Anim/BOSS-LEVEL-DOOR-ANIM-06.png?h=db2bfefdc496e5626a78c61a79406b3f","type":"image","key":"BOSS-LEVEL-DOOR-ANIM-06"},{"url":"assets/Boss Level/Boss Level Door Anim/BOSS-LEVEL-DOOR-ANIM-07.png?h=ad8392675adeced73bdd3aaf30c0251e","type":"image","key":"BOSS-LEVEL-DOOR-ANIM-07"},{"url":"assets/Boss Level/Boss Level Door Anim/BOSS-LEVEL-DOOR-ANIM-08.png?h=ad8392675adeced73bdd3aaf30c0251e","type":"image","key":"BOSS-LEVEL-DOOR-ANIM-08"},{"url":"assets/Boss Level/Boss Level Door Anim/BOSS-LEVEL-DOOR-ANIM-09.png?h=543112c7e49e7427c2dc98258e2b273c","type":"image","key":"BOSS-LEVEL-DOOR-ANIM-09"},{"url":"assets/Boss Level/Boss Level Door Anim/BOSS-LEVEL-DOOR-ANIM-10.png?h=6dc6c77ec58faa316d3412e624e0a737","type":"image","key":"BOSS-LEVEL-DOOR-ANIM-10"},{"url":"assets/Boss Level/Boss Level Door Anim/BOSS-LEVEL-DOOR-ANIM-11.png?h=c798089614dcdf0357bf4ca1acc5f2de","type":"image","key":"BOSS-LEVEL-DOOR-ANIM-11"},{"url":"assets/Boss Level/Boss Level Door Anim/BOSS-LEVEL-DOOR-ANIM-12.png?h=622dd958b04dd3b3efcb5d98e7814dee","type":"image","key":"BOSS-LEVEL-DOOR-ANIM-12"},{"url":"assets/Boss Level/Boss Level Door Anim/BOSS-LEVEL-DOOR-ANIM-13.png?h=932f5dd5ae49b10d2c8911535c4cfdca","type":"image","key":"BOSS-LEVEL-DOOR-ANIM-13"},{"url":"assets/Boss Level/Boss Level Door Anim/BOSS-LEVEL-DOOR-ANIM-14.png?h=5a6b3e6efff4d7e461bf2b0465149c87","type":"image","key":"BOSS-LEVEL-DOOR-ANIM-14"},{"url":"assets/Boss Level/Boss Level Door Anim/BOSS-LEVEL-DOOR-ANIM-15.png?h=a4a8a9daaafefc0f3616e9f52c4a2321","type":"image","key":"BOSS-LEVEL-DOOR-ANIM-15"},{"url":"assets/Boss Level/Boss Level Door Anim/BOSS-LEVEL-DOOR-ANIM-16.png?h=2baf1b69813e4de4da6d95f735615d7c","type":"image","key":"BOSS-LEVEL-DOOR-ANIM-16"},{"url":"assets/Boss Level/Boss Level Door Anim/BOSS-LEVEL-DOOR-ANIM-17.png?h=6022a64007321da2615d92e7e914568f","type":"image","key":"BOSS-LEVEL-DOOR-ANIM-17"},{"url":"assets/Boss Level/Boss Level Door Anim/BOSS-LEVEL-DOOR-ANIM-18.png?h=c27e07472a6b039c7ff2cead1cbc9877","type":"image","key":"BOSS-LEVEL-DOOR-ANIM-18"},{"url":"assets/Boss Level/Boss Level Door Anim/BOSS-LEVEL-DOOR-ANIM-19.png?h=bedd0999acaa5a32434907ac71f3eaeb","type":"image","key":"BOSS-LEVEL-DOOR-ANIM-19"},{"url":"assets/Boss Level/Boss Level Door Anim/BOSS-LEVEL-DOOR-ANIM-20.png?h=c9052b0b83e6df63cbf4faa7849f894c","type":"image","key":"BOSS-LEVEL-DOOR-ANIM-20"},{"url":"assets/Boss Level/Boss Level Door Anim/BOSS-LEVEL-DOOR-ANIM-21.png?h=c9052b0b83e6df63cbf4faa7849f894c","type":"image","key":"BOSS-LEVEL-DOOR-ANIM-21"},{"url":"assets/Boss Level/Boss Level Door Anim/BOSS-LEVEL-DOOR-ANIM-22.png?h=c9052b0b83e6df63cbf4faa7849f894c","type":"image","key":"BOSS-LEVEL-DOOR-ANIM-22"},{"url":"assets/boss/boss-right-attack-1.png?h=a45f1b2e9b462aed6eaa668ae6ba8c77","type":"image","key":"boss-right-attack-1"},{"url":"assets/boss/boss-right-attack-2.png?h=1f629493d44c806d0f8fd5c56394e36a","type":"image","key":"boss-right-attack-2"},{"url":"assets/boss/boss-right-attack-3.png?h=9e27a524f5bb3cb78f3ae0b2e6eccfa5","type":"image","key":"boss-right-attack-3"},{"url":"assets/boss/boss-right-attack-4.png?h=54b2eec51412af9d797412816279ab4b","type":"image","key":"boss-right-attack-4"},{"url":"assets/boss/boss-right-idle-1.png?h=e9c8f7d3a331ab796414aa8bd229ccb5","type":"image","key":"boss-right-idle-1"},{"url":"assets/boss/boss-right-walk-1.png?h=e9c8f7d3a331ab796414aa8bd229ccb5","type":"image","key":"boss-right-walk-1"},{"url":"assets/boss/boss-right-walk-2.png?h=e31e04f81853dcb23e39e8f05e07f83e","type":"image","key":"boss-right-walk-2"},{"url":"assets/boss/boss-right-walk-3.png?h=e9c8f7d3a331ab796414aa8bd229ccb5","type":"image","key":"boss-right-walk-3"},{"url":"assets/boss/boss-right-walk-4.png?h=91d3bce03ea65a8fdc927737edba9181","type":"image","key":"boss-right-walk-4"},{"url":"assets/Boss Trap/BossTrap-1.png?h=049f2c25e858c3b23ffa70a252cff9ba","type":"image","key":"BossTrap-1"},{"url":"assets/Boss Trap/BossTrap-2.png?h=ae4536e24043f38fe9fd3d8a5ec00196","type":"image","key":"BossTrap-2"},{"url":"assets/Boss Trap/BossTrap-3.png?h=e8d47724faccc41aa8e99eefb045f8cf","type":"image","key":"BossTrap-3"},{"url":"assets/Boss Trap/BossTrap-4.png?h=089ea36c30f423fd706a15e1cdfdbcba","type":"image","key":"BossTrap-4"},{"url":"assets/Boss Trap/BossTrap-5.png?h=8b72b5c48dc56b251fbd135f82656d7f","type":"image","key":"BossTrap-5"},{"url":"assets/Boss Trap/BossTrap-Projectile-1.png?h=25f57d102e2117fbcb73c0038c4f8c24","type":"image","key":"BossTrap-Projectile-1"},{"url":"assets/Boss Trap/BossTrap-Projectile-2.png?h=94276a27d2616e0266ca81f946638cdf","type":"image","key":"BossTrap-Projectile-2"}]},"meta":{"app":"Phaser Editor 2D - Asset Pack Editor","contentType":"phasereditor2d.pack.core.AssetContentType","url":"https://phasereditor2d.com","version":2,"showAllFilesInBlocks":false}}