{"section1":{"files":[{"url":"assets/IN GAME MENU/70per-Black-BG.png?h=0701e5d6cc3fc5e4ae210cf46ec15d50","type":"image","key":"70per-Black-BG"},{"url":"assets/ui-assets/About Button.png?h=e93f0fd45f815a048afe39ca7a25bfd1","type":"image","key":"About Button"},{"url":"assets/ui-assets/About Button Pressed.png?h=73a9ab45a370481203cb16e48df82e10","type":"image","key":"About Button Pressed"},{"url":"assets/IN GAME MENU/Back-Button.png?h=e2e1123e6c86b9d0fd7e36426112350b","type":"image","key":"Back-Button"},{"url":"assets/IN GAME MENU/Back-Button-Selected.png?h=17240653b11da34310db9c61c8f28caf","type":"image","key":"Back-Button-Selected"},{"url":"assets/ui-assets/Bottom Pannel.png?h=1e56670d36eb4af8a39341a7367bf880","type":"image","key":"Bottom Pannel"},{"url":"assets/ui-assets/Bottom Text Box.png?h=19f5652b0e9b3e882698ef9323c1dda4","type":"image","key":"Bottom Text Box"},{"url":"assets/ui-assets/copper item.png?h=f67ae1dd27155cb234d7bc09972e7e26","type":"image","key":"copper item"},{"url":"assets/ui-assets/Energy Item Copper.png?h=14ceda928b8a940af0291d53398809bf","type":"image","key":"Energy Item Copper"},{"url":"assets/ui-assets/Energy Item Gold.png?h=a8af8c7afb8fee8c9beaa36dfbd3bb38","type":"image","key":"Energy Item Gold"},{"url":"assets/ui-assets/Energy Item Ore.png?h=10cbd746e3695cb4271c3c0d3b517dd4","type":"image","key":"Energy Item Ore"},{"url":"assets/ui-assets/Energy Point.png?h=b9ceb1e37dc3a87666c4c68899e220c9","type":"image","key":"Energy Point"},{"url":"assets/IN GAME MENU/FullSlider.png?h=c84fdea76da26e2cdb7bc09684127715","type":"image","key":"FullSlider"},{"url":"assets/ui-assets/gold item.png?h=dbdbc5cc7ac53b4d75e6740aa7bad735","type":"image","key":"gold item"},{"url":"assets/ui-assets/GunButton.png?h=a48df9851faf66a211c1f8c62518cc11","type":"image","key":"GunButton"},{"url":"assets/ui-assets/GunButton-off.png?h=2c961e9c8b206e9f1ae5ab8ca2c6a8c7","type":"image","key":"GunButton-off"},{"url":"assets/ui-assets/Health Item Copper.png?h=193dd7133badfbab41a366534f7f3071","type":"image","key":"Health Item Copper"},{"url":"assets/ui-assets/Health Item Gold.png?h=bd5dbd06bc8e84987254f9eadf33b2d6","type":"image","key":"Health Item Gold"},{"url":"assets/ui-assets/Health Item Ore.png?h=3d153effc11028b9f94ec699f6bbb76f","type":"image","key":"Health Item Ore"},{"url":"assets/ui-assets/Health Point.png?h=bac47e15b3305157da38aef54c4c0c3f","type":"image","key":"Health Point"},{"url":"assets/IN GAME MENU/MainMenu-Button.png?h=17e6bd7ba3cb765fde102b9f368c7a70","type":"image","key":"MainMenu-Button"},{"url":"assets/IN GAME MENU/MainMenu-Button-Selected.png?h=935c9853c6c02b3823b812e982eb9368","type":"image","key":"MainMenu-Button-Selected"},{"url":"assets/ui-assets/MainMenuButton.png?h=d88f17ddbb941124979f8e519a76c942","type":"image","key":"MainMenuButton"},{"url":"assets/ui-assets/MainMenuButton Pressed.png?h=3cdddf3f588185ff108b09ea1a92db92","type":"image","key":"MainMenuButton Pressed"},{"url":"assets/ui-assets/Menu Background.png?h=9825f927f29d0dfa6d607a7c490354cf","type":"image","key":"Menu Background"},{"url":"assets/ui-assets/Menu Button.png?h=d92bf1cf30c62b28b8b9f3038b6e0b45","type":"image","key":"Menu Button"},{"url":"assets/ui-assets/Menu Button Pressed.png?h=a20fb10574c7064ff55b22de764716c1","type":"image","key":"Menu Button Pressed"},{"url":"assets/IN GAME MENU/Music-Button.png?h=3fbd20fe3e072451d495d5fef5905817","type":"image","key":"Music-Button"},{"url":"assets/IN GAME MENU/Music-Button-Selected.png?h=661a49320ebcd1a862eed5d4fa10c0e2","type":"image","key":"Music-Button-Selected"},{"url":"assets/IN GAME MENU/NewGame-Button.png?h=a407a352e671cf1f04565d322efa1c22","type":"image","key":"NewGame-Button"},{"url":"assets/IN GAME MENU/NewGame-Button-Selected.png?h=7522d991621e00e271d8031fd42d9f2e","type":"image","key":"NewGame-Button-Selected"},{"url":"assets/IN GAME MENU/Pause Menu Ref.png?h=b02b01b7d20a29ea67247eabb22f6909","type":"image","key":"Pause Menu Ref"},{"url":"assets/IN GAME MENU/Pause-Menu-BG.png?h=a39db34e1f2c4a74ab0eb6b1cd9ff788","type":"image","key":"Pause-Menu-BG"},{"url":"assets/ui-assets/PSD Button Red.png?h=25362d6eb20b5ec7cc08757746b27a30","type":"image","key":"PSD Button Red"},{"url":"assets/ui-assets/PSD Recharge Button.png?h=1d26e4445b6d2d088c50fc9049db314d","type":"image","key":"PSD Recharge Button"},{"url":"assets/ui-assets/PSD Synth Button.png?h=c48ead329295d331cdf85037925c6943","type":"image","key":"PSD Synth Button"},{"url":"assets/ui-assets/PSD UI Background.png?h=b2f8e8a3b279a9dbbcee5319e9ed8556","type":"image","key":"PSD UI Background"},{"url":"assets/ui-assets/PSDButton.png?h=93720688c89984801b4169bbf5106a19","type":"image","key":"PSDButton"},{"url":"assets/ui-assets/PSDButton-off.png?h=e1b51341b99ba1c292bd71c8e7edc71a","type":"image","key":"PSDButton-off"},{"url":"assets/ui-assets/RAW FONT 16x16.png?h=a88b5eb8559ea2b87b6904c8c3940d0d","type":"image","key":"RAW FONT 16x16"},{"url":"assets/ui-assets/Restart Button.png?h=d41d9d11c26c9d00b91d4d2b093b23d5","type":"image","key":"Restart Button"},{"url":"assets/ui-assets/Restart Button Pressed.png?h=f1d769bc4aaffaabfc5134c45dfeb86b","type":"image","key":"Restart Button Pressed"},{"url":"assets/IN GAME MENU/Resume-Button.png?h=920a0046c9265d78cac73729c71724eb","type":"image","key":"Resume-Button"},{"url":"assets/IN GAME MENU/Resume-Button-Selected.png?h=929d6115e56036a2f1bdf6241da862ed","type":"image","key":"Resume-Button-Selected"},{"url":"assets/IN GAME MENU/Rules Page Ref.png?h=c3625907a53bc8d2d4190f8382eca761","type":"image","key":"Rules Page Ref"},{"url":"assets/IN GAME MENU/Rules-Button.png?h=3a4453448932b8bc0664332e984ccab0","type":"image","key":"Rules-Button"},{"url":"assets/IN GAME MENU/Rules-Button-Selected.png?h=412cc80a4493530520b0acfd01c57657","type":"image","key":"Rules-Button-Selected"},{"url":"assets/IN GAME MENU/Rules-Page.png?h=c6daa651942370202718fe02b4ebe73a","type":"image","key":"Rules-Page"},{"url":"assets/ui-assets/Sanity Item Copper.png?h=167ca7d3945208b969f890fe61858463","type":"image","key":"Sanity Item Copper"},{"url":"assets/ui-assets/Sanity Item Gold.png?h=dfb2175b12becebf3e46d90217eec0ce","type":"image","key":"Sanity Item Gold"},{"url":"assets/ui-assets/Sanity Item Ore.png?h=9df0f4d63a7954dff1bde6f3b37c8f81","type":"image","key":"Sanity Item Ore"},{"url":"assets/ui-assets/Sanity Point.png?h=55cbc637e95e8cc8cb33f5e5c20aeef1","type":"image","key":"Sanity Point"},{"url":"assets/IN GAME MENU/SFX-Button.png?h=380eb8098960265eed05f16d15deadb0","type":"image","key":"SFX-Button"},{"url":"assets/IN GAME MENU/SFX-Button-Selected.png?h=450da35b122829c4e6c8d7df1cbf8d1b","type":"image","key":"SFX-Button-Selected"},{"url":"assets/ui-assets/silver item.png?h=fd3efbd0ee9c3b22dcc86e02a48a451f","type":"image","key":"silver item"},{"url":"assets/IN GAME MENU/Slider-Button.png?h=21de6c994e692a8372f381ad35b3649b","type":"image","key":"Slider-Button"},{"url":"assets/IN GAME MENU/Slider-Down-Button.png?h=85fb630e8ce3bde84bf3fff62dc3f6c3","type":"image","key":"Slider-Down-Button"},{"url":"assets/IN GAME MENU/Slider-Down-Button-Selected.png?h=a4ee5a12d6934eb5431f3fae08002fc3","type":"image","key":"Slider-Down-Button-Selected"},{"url":"assets/IN GAME MENU/Slider-Up-Button.png?h=0bbe087a1ac6c468a7d79dbcd8b9f17c","type":"image","key":"Slider-Up-Button"},{"url":"assets/IN GAME MENU/Slider-Up-Button-Selected.png?h=e8866f48d371dc86dd7f2d2806bb61df","type":"image","key":"Slider-Up-Button-Selected"},{"url":"assets/IN GAME MENU/SliderBar.png?h=6ff36eaa17205aba287293297d821fa8","type":"image","key":"SliderBar"},{"url":"assets/IN GAME MENU/Solid-Black-BG.png?h=c9131574d2b23497efc1833f69c5c309","type":"image","key":"Solid-Black-BG"},{"url":"assets/ui-assets/Start Button.png?h=4135008eb2ff34e94b06e774a5771215","type":"image","key":"Start Button"},{"url":"assets/ui-assets/Start Button Pressed.png?h=9710e60953f587e963363ebfebda00b2","type":"image","key":"Start Button Pressed"},{"url":"assets/ui-assets/Status Red Overlay.png?h=6b458f267b7a966170577b5e0e7328ce","type":"image","key":"Status Red Overlay"},{"url":"assets/ui-assets/UI-Explainer.png?h=5fc06cbb084af41e14793ae090c2bd6d","type":"image","key":"UI-Explainer"},{"url":"assets/ui-assets/UI-Explainer-window.png?h=ba4266fba2c23116da5920e7b03cd074","type":"image","key":"UI-Explainer-window"},{"url":"assets/IN GAME MENU/View Collection.png?h=6320e265c72343abc2ab08c307b9fa07","type":"image","key":"View Collection"},{"url":"assets/IN GAME MENU/View Collection Pressed.png?h=fd08c60d9426f37cd30a2caec7289e73","type":"image","key":"View Collection Pressed"},{"url":"assets/ui-assets/Volume Button.png?h=75ff48615cebe1d8b53721898d25aa41","type":"image","key":"Volume Button"},{"url":"assets/ui-assets/Volume Button Pressed.png?h=48923d875f249e6a4a866b039bb98f3d","type":"image","key":"Volume Button Pressed"}]},"meta":{"app":"Phaser Editor 2D - Asset Pack Editor","contentType":"phasereditor2d.pack.core.AssetContentType","url":"https://phasereditor2d.com","version":2,"showAllFilesInBlocks":false}}